lastname,firstname,DC.title,DC.date,year,volume,DC.identifier
von Arnim,Achim,"Armut, Reichtum, Schuld und Buße der Gräfin Dolores",1810,1810,,"Achim_von_Arnim_-_Armut,_Reichtum,_Schuld_und_Buße_der_Gräfin_Dolores_(1810)"
Hoffmann,ETA,Die Bergwerke zu Falun,1816,1816,,ETA_Hoffmann_-_Die_Bergwerke_zu_Falun_(1816)
Hoffmann,ETA,Das steinerne Herz,1817,1817,,ETA_Hoffmann_-_Das_steinerne_Herz_(1817)
Brentano,Clemens,Die mehreren Wehmüller und ungarischen Nationalgesichter,1817,1817,,Clemens_Brentano_-_Die_mehreren_Wehmüller_und_ungarischen_Nationalgesichter_(1817)
Fouqué,Friedrich de la Motte,Der Zauberring,1813,1813,,Friedrich_de_la_Motte_Fouqué_-_Der_Zauberring_(1813)
Hoffmann,ETA,Rat Krespel,1818,1818,,ETA_Hoffmann_-_Rat_Krespel_(1818)
von Arnim,Achim,Novellen,1810,1810,,Achim_von_Arnim_-_Novellen_(1810)
Appenzeller,Johann-Conrad,Ein Tag in der Diligence,1812,1812,,Johann-Conrad_Appenzeller_-_Ein_Tag_in_der_Diligence_(1812)
Hoffmann,ETA,Meister Martin der Küfner und seine Gesellen,1818,1818,,ETA_Hoffmann_-_Meister_Martin_der_Küfner_und_seine_Gesellen_(1818)
Hoffmann,ETA,Das Gelübde,1817,1817,,ETA_Hoffmann_-_Das_Gelübde_(1817)
Hoffmann,ETA,Das Fräulein von Scuderi,1819,1819,,ETA_Hoffmann_-_Das_Fräulein_von_Scuderi_(1819)
von Arnim,Achim,Isabella von Ägypten,1812,1812,,Achim_von_Arnim_-_Isabella_von_Ägypten_(1812)
Hegner,Ulrich,Saly's Revolutionstage,1814,1814,,Ulrich_Hegner_-_Saly's_Revolutionstage_(1814)
Brentano,Clemens,Aus der Chronika eines fahrenden Schülers (Zweite Fassung),1818,1818,,Clemens_Brentano_-_Aus_der_Chronika_eines_fahrenden_Schülers_(Zweite_Fassung)_(1818)
Paul,Jean,Leben Fibels,1812,1812,,Jean_Paul_-_Leben_Fibels_(1812)
Hoffmann,ETA,Seltsame Leiden eines Theaterdirektors,1818,1818,,ETA_Hoffmann_-_Seltsame_Leiden_eines_Theaterdirektors_(1818)
von Schmid,Christoph,Die Ostereier,1816,1816,,Christoph_von_Schmid_-_Die_Ostereier_(1816)
Brentano,Clemens,Der arme Raimondin,1814,1814,,Clemens_Brentano_-_Der_arme_Raimondin_(1814)
von Kleist,Heinrich,Geistererscheinung,1811,1811,,Heinrich_von_Kleist_-_Geistererscheinung_(1811)
Hoffmann,ETA,Haimatochare,1819,1819,,ETA_Hoffmann_-_Haimatochare_(1819)
Tieck,Ludwig,Der Runenberg,1812,1812,,Ludwig_Tieck_-_Der_Runenberg_(1812)
Hebel,Johann Peter,Zwei Sprichwörter,1811,1811,,Johann_Peter_Hebel_-_Zwei_Sprichwörter_(1811)
Tieck,Ludwig,Die schoene Magelone,1812,1812,,Ludwig_Tieck_-_Die_schoene_Magelone_(1812)
Hoffmann,ETA,Das öde Haus,1817,1817,,ETA_Hoffmann_-_Das_öde_Haus_(1817)
Hoffmann,ETA,Ignaz Denner,1817,1817,,ETA_Hoffmann_-_Ignaz_Denner_(1817)
Körner,Theodor,Die Reise nach Schandau,1810,1810,,Theodor_Körner_-_Die_Reise_nach_Schandau_(1810)
Zschokke,Heinrich,Das Goldmacherdorf,1817,1817,,Heinrich_Zschokke_-_Das_Goldmacherdorf_(1817)
Fouqué,Friedrich de la Motte,Undine,1811,1811,,Friedrich_de_la_Motte_Fouqué_-_Undine_(1811)
von Arnim,Achim,Die Kronenwächter,1817,1817,,Achim_von_Arnim_-_Die_Kronenwächter_(1817)
Seume,Johann Gottfried,Die Weinlese,1810,1810,,Johann_Gottfried_Seume_-_Die_Weinlese_(1810)
Hoffmann,ETA,Das fremde Kind,1817,1817,,ETA_Hoffmann_-_Das_fremde_Kind_(1817)
Hoffmann,ETA,Das Majorat,1817,1817,,ETA_Hoffmann_-_Das_Majorat_(1817)
von Kleist,Heinrich,Die Verlobung in St. Domingo,1811,1811,,Heinrich_von_Kleist_-_Die_Verlobung_in_St._Domingo_(1811)
Hoffmann,ETA,Das Sanctus,1817,1817,,ETA_Hoffmann_-_Das_Sanctus_(1817)
Körner,Theodor,Die Reise nach Wörlitz,1810,1810,,Theodor_Körner_-_Die_Reise_nach_Wörlitz_(1810)
von Chamisso,Adelbert,Peter Schlemihls wundersame Geschichte,1813,1813,,Adelbert_von_Chamisso_-_Peter_Schlemihls_wundersame_Geschichte_(1813)
von Kleist,Heinrich,Michael Kohlhaas,1810,1810,,Heinrich_von_Kleist_-_Michael_Kohlhaas_(1810)
Hoffmann,ETA,Lebensansichten des Katers Murr,1819,1819,,ETA_Hoffmann_-_Lebensansichten_des_Katers_Murr_(1819)
Hegner,Ulrich,Die Molkenkur,1812,1812,,Ulrich_Hegner_-_Die_Molkenkur_(1812)
von Kleist,Heinrich,Der Findling,1811,1811,,Heinrich_von_Kleist_-_Der_Findling_(1811)
von Schmid,Christoph,Wie Heinrich von Eichenfels zur Erkenntnis Gottes kam,1817,1817,,Christoph_von_Schmid_-_Wie_Heinrich_von_Eichenfels_zur_Erkenntnis_Gottes_kam_(1817)
Schopenhauer,Johanna,Gabriele,1819,1819,,Johanna_Schopenhauer_-_Gabriele_(1819)
Hoffmann,ETA,Der Magnetiseur,1814,1814,,ETA_Hoffmann_-_Der_Magnetiseur_(1814)
von Eichendorff,Joseph,Das Marmorbild,1819,1819,,Joseph_von_Eichendorff_-_Das_Marmorbild_(1819)
Clauren,H.,Mimili,1816,1816,,H._Clauren_-_Mimili_(1816)
Körner,Theodor,Hans Heilings Felsen,1811,1811,,Theodor_Körner_-_Hans_Heilings_Felsen_(1811)
Hoffmann,ETA,Die Jesuiterkirche in G.,1817,1817,,ETA_Hoffmann_-_Die_Jesuiterkirche_in_G._(1817)
von Kleist,Heinrich,Das Bettelweib von Locarno,1811,1811,,Heinrich_von_Kleist_-_Das_Bettelweib_von_Locarno_(1811)
von Kleist,Heinrich,Der Zweikampf,1811,1811,,Heinrich_von_Kleist_-_Der_Zweikampf_(1811)
Contessa,Karl Wilhelm Salice,Haushahn und Paradiesvogel,1813,1813,,Karl_Wilhelm_Salice_Contessa_-_Haushahn_und_Paradiesvogel_(1813)
Baumann,Joseph,Ulli und Elsi,1829,1829,,Joseph_Baumann_-_Ulli_und_Elsi_(1829)
Hoffmann,ETA,Lebensansichten des Katers Murr,1820,1820,,ETA_Hoffmann_-_Lebensansichten_des_Katers_Murr_(1820)
Clauren,H.,Der selige Papier-Müller,1820,1820,,H._Clauren_-_Der_selige_Papier-Müller_(1820)
Hoffmann,ETA,Letzte Stücke,1822,1822,,ETA_Hoffmann_-_Letzte_Stücke_(1822)
Hauff,Wilhelm,Phantasien im Bremer Ratskeller,1827,1827,,Wilhelm_Hauff_-_Phantasien_im_Bremer_Ratskeller_(1827)
Clauren,H.,Die Großmutter,1827,1827,,H._Clauren_-_Die_Großmutter_(1827)
Hoffmann,ETA,Die Serapions-Brüder,1821,1821,,ETA_Hoffmann_-_Die_Serapions-Brüder_(1821)
Paul,Jean,Der Maschinenmann,1825,1825,,Jean_Paul_-_Der_Maschinenmann_(1825)
von Schmid,Christoph,Der Weihnachtsabend,1825,1825,,Christoph_von_Schmid_-_Der_Weihnachtsabend_(1825)
von Schmid,Christoph,Rosa von Tannenburg,1823,1823,,Christoph_von_Schmid_-_Rosa_von_Tannenburg_(1823)
Clauren,H.,Die Gräfin Cherubim,1824,1824,,H._Clauren_-_Die_Gräfin_Cherubim_(1824)
Hoffmann,ETA,Des Vetters Eckfenster,1822,1822,,ETA_Hoffmann_-_Des_Vetters_Eckfenster_(1822)
Rückert,Friedrich,Die Makamen des Hariri,1826,1826,,Friedrich_Rückert_-_Die_Makamen_des_Hariri_(1826)
Contessa,Karl Wilhelm Salice,Die Schatzgräber,1825,1825,,Karl_Wilhelm_Salice_Contessa_-_Die_Schatzgräber_(1825)
Zschokke,Heinrich,Der König von Akim,1825,1825,,Heinrich_Zschokke_-_Der_König_von_Akim_(1825)
Tieck,Ludwig,Das Fest zu Kenelworth,1828,1828,,Ludwig_Tieck_-_Das_Fest_zu_Kenelworth_(1828)
Rochlitz,Friedrich,Amtsbericht des Pfarrers zu Eichengrün,1821,1821,,Friedrich_Rochlitz_-_Amtsbericht_des_Pfarrers_zu_Eichengrün_(1821)
Alexis,Willibald,Walladmor,1824,1824,,Willibald_Alexis_-_Walladmor_(1824)
Tieck,Ludwig,Die Reisenden,1824,1824,,Ludwig_Tieck_-_Die_Reisenden_(1824)
Tieck,Ludwig,Glück giebt Verstand,1826,1826,,Ludwig_Tieck_-_Glück_giebt_Verstand_(1826)
Schöll,Adolf,Der arme Stephan,1827,1827,,Adolf_Schöll_-_Der_arme_Stephan_(1827)
der Jüngere,Johann Rudolf Wyß,Viel Noth und viel Hülf,1825,1825,,Johann_Rudolf_Wyß_der_Jüngere_-_Viel_Noth_und_viel_Hülf_(1825)
von Arnim,Achim,Die Majoratsherren,1820,1820,,Achim_von_Arnim_-_Die_Majoratsherren_(1820)
Heun,Karl Gottlieb Samuel,Die Versuchung,1827,1827,,Karl_Gottlieb_Samuel_Heun_-_Die_Versuchung_(1827)
Schreyvogel,Joseph,Samuel Brinks letzte Liebesgeschichte,1821,1821,,Joseph_Schreyvogel_-_Samuel_Brinks_letzte_Liebesgeschichte_(1821)
Tieck,Ludwig,Der fünfzehnte November,1827,1827,,Ludwig_Tieck_-_Der_fünfzehnte_November_(1827)
Tieck,Ludwig,Dichterleben,1825,1825,,Ludwig_Tieck_-_Dichterleben_(1825)
Paul,Jean,Der Komet,1820,1820,,Jean_Paul_-_Der_Komet_(1820)
Spindler,Carl,Der Jude,1827,1827,,Carl_Spindler_-_Der_Jude_(1827)
Tieck,Ludwig,Die Verlobung,1823,1823,,Ludwig_Tieck_-_Die_Verlobung_(1823)
Tieck,Ludwig,Die Gemälde,1821,1821,,Ludwig_Tieck_-_Die_Gemälde_(1821)
von Arnim,Achim,Holländische Liebhabereien,1826,1826,,Achim_von_Arnim_-_Holländische_Liebhabereien_(1826)
Grün,Anastasius,Der Eremit auf der Sierra Morena,1827,1827,,Anastasius_Grün_-_Der_Eremit_auf_der_Sierra_Morena_(1827)
Spindler,Carl,Der Jesuit,1829,1829,,Carl_Spindler_-_Der_Jesuit_(1829)
Contessa,Karl Wilhelm Salice,Vergib uns unsere Schuld,1825,1825,,Karl_Wilhelm_Salice_Contessa_-_Vergib_uns_unsere_Schuld_(1825)
Zschokke,Heinrich,Jonathan Frock,1825,1825,,Heinrich_Zschokke_-_Jonathan_Frock_(1825)
Zschokke,Heinrich,Das blaue Wunder,1829,1829,,Heinrich_Zschokke_-_Das_blaue_Wunder_(1829)
Tieck,Ludwig,Der Aufruhr in den Cevennen,1826,1826,,Ludwig_Tieck_-_Der_Aufruhr_in_den_Cevennen_(1826)
der Velde,Carl Franz van,Das Liebhaber-Theater,1824,1824,,Carl_Franz_van_der_Velde_-_Das_Liebhaber-Theater_(1824)
Hoffmann,ETA,Die Geheimnisse,1821,1821,Merkwürdige Korrespondenz des Autors mit vers,ETA_Hoffmann_-_Die_Geheimnisse_-_Merkwürdige_Korrespondenz_des_Autors_mit_vers_(1821)
von Schmid,Christoph,"Gottfried, der junge Einsiedler",1829,1829,,"Christoph_von_Schmid_-_Gottfried,_der_junge_Einsiedler_(1829)"
Hauff,Wilhelm,Novellen,1828,1828,,Wilhelm_Hauff_-_Novellen_(1828)
Heine,Heinrich,Reisebilder,1826,1826,,Heinrich_Heine_-_Reisebilder_(1826)
Hauff,Wilhelm,Der Mann im Mond,1826,1826,,Wilhelm_Hauff_-_Der_Mann_im_Mond_(1826)
Huber,Therese,Alte Zeit und neue Zeit,1828,1828,,Therese_Huber_-_Alte_Zeit_und_neue_Zeit_(1828)
von Arnim,Achim,Owen Tudor,1821,1821,,Achim_von_Arnim_-_Owen_Tudor_(1821)
von Voß,Julius,Die Moden der guten alten Zeit,1827,1827,,Julius_von_Voß_-_Die_Moden_der_guten_alten_Zeit_(1827)
Tieck,Ludwig,Der Geheimnisvolle,1822,1822,,Ludwig_Tieck_-_Der_Geheimnisvolle_(1822)
von Eichendorff,Joseph,Aus dem Leben eines Taugenichts,1826,1826,,Joseph_von_Eichendorff_-_Aus_dem_Leben_eines_Taugenichts_(1826)
Rilke,Rainer Maria,Erzählungen aus dem Nachlaß,1826,1826,,Rainer_Maria_Rilke_-_Erzählungen_aus_dem_Nachlaß_(1826)
Tieck,Ludwig,Das Zauberschloß,1830,1830,,Ludwig_Tieck_-_Das_Zauberschloß_(1830)
Tieck,Ludwig,Der wiederkehrende griechische Kaiser,1831,1831,,Ludwig_Tieck_-_Der_wiederkehrende_griechische_Kaiser_(1831)
Immermann,Karl,Der Oberhof,1839,1839,,Karl_Immermann_-_Der_Oberhof_(1839)
Heine,Heinrich,Florentinische Nächte,1837,1837,,Heinrich_Heine_-_Florentinische_Nächte_(1837)
Immermann,Karl,Der Karneval und die Somnambule,1830,1830,,Karl_Immermann_-_Der_Karneval_und_die_Somnambule_(1830)
von Gaudy,Franz,Die Brenta-Blume,1838,1838,,Franz_von_Gaudy_-_Die_Brenta-Blume_(1838)
Seidl,Johann Gabriel,Der tödliche Knopf,1839,1839,,Johann_Gabriel_Seidl_-_Der_tödliche_Knopf_(1839)
Mörike,Eduard,Maler Nolten,1832,1832,,Eduard_Mörike_-_Maler_Nolten_(1832)
Laube,Heinrich,Die Karlisten,1837,1837,,Heinrich_Laube_-_Die_Karlisten_(1837)
Mörike,Eduard,Lucie Gelmeroth,1834,1834,,Eduard_Mörike_-_Lucie_Gelmeroth_(1834)
Tieck,Ludwig,Der Mondsüchtige,1832,1832,,Ludwig_Tieck_-_Der_Mondsüchtige_(1832)
Laube,Heinrich,Das Schloß in Franken,1837,1837,,Heinrich_Laube_-_Das_Schloß_in_Franken_(1837)
Tieck,Ludwig,Eine Sommerreise,1834,1834,,Ludwig_Tieck_-_Eine_Sommerreise_(1834)
von Ungern-Sternberg,Alexander,Die Zerrissenen,1832,1832,,Alexander_von_Ungern-Sternberg_-_Die_Zerrissenen_(1832)
Fröhlich,Abraham Manuel,Der Kinderball,1833,1833,,Abraham_Manuel_Fröhlich_-_Der_Kinderball_(1833)
Hebel,Johann Peter,Reise nach Frankfurt,1832,1832,,Johann_Peter_Hebel_-_Reise_nach_Frankfurt_(1832)
Spindler,Carl,Herbstviolen,1834,1834,,Carl_Spindler_-_Herbstviolen_(1834)
Laube,Heinrich,Eine Fahrt nach Pommern und der Insel Rügen,1837,1837,,Heinrich_Laube_-_Eine_Fahrt_nach_Pommern_und_der_Insel_Rügen_(1837)
Kerner,Justinus,Geschichte des Mädchens von Orlach,1834,1834,,Justinus_Kerner_-_Geschichte_des_Mädchens_von_Orlach_(1834)
Tieck,Ludwig,Hexensabbat,1831,1831,,Ludwig_Tieck_-_Hexensabbat_(1831)
Tieck,Ludwig,Der Schutzgeist,1839,1839,,Ludwig_Tieck_-_Der_Schutzgeist_(1839)
Rothpletz,Anna,Der Vorabend des Weihnachtsfestes,1830,1830,,Anna_Rothpletz_-_Der_Vorabend_des_Weihnachtsfestes_(1830)
Tieck,Ludwig,Die Ahnenprobe,1833,1833,,Ludwig_Tieck_-_Die_Ahnenprobe_(1833)
Laube,Heinrich,Reisenovellen,1836,1836,Band 4,Heinrich_Laube_-_Reisenovellen_-_Band_4_(1836)
Laube,Heinrich,Nell,1837,1837,,Heinrich_Laube_-_Nell_(1837)
Zschokke,Heinrich,Die Branntweinpest,1837,1837,,Heinrich_Zschokke_-_Die_Branntweinpest_(1837)
Laube,Heinrich,Eine Tyroler Geschichte,1837,1837,,Heinrich_Laube_-_Eine_Tyroler_Geschichte_(1837)
Glassbrenner,Adolf,Die Königsstraße,1838,1838,,Adolf_Glassbrenner_-_Die_Königsstraße_(1838)
Tieck,Ludwig,Weihnacht-Abend,1835,1835,,Ludwig_Tieck_-_Weihnacht-Abend_(1835)
Gotthelf,Jeremias,Wie fünf Mädchen im Branntwein jämmerlich umkommen,1838,1838,,Jeremias_Gotthelf_-_Wie_fünf_Mädchen_im_Branntwein_jämmerlich_umkommen_(1838)
von Eichendorff,Joseph,Die Entführung,1839,1839,,Joseph_von_Eichendorff_-_Die_Entführung_(1839)
Sealsfield,Charles,Nathan der Squatter,1835,1835,,Charles_Sealsfield_-_Nathan_der_Squatter_(1835)
Immermann,Karl,Münchhausen,1839,1839,,Karl_Immermann_-_Münchhausen_(1839)
Tieck,Ludwig,Eigensinn und Laune,1836,1836,,Ludwig_Tieck_-_Eigensinn_und_Laune_(1836)
von Arnim,Achim,Erzählungen,1831,1831,,Achim_von_Arnim_-_Erzählungen_(1831)
Tieck,Ludwig,Abendgespräche,1839,1839,,Ludwig_Tieck_-_Abendgespräche_(1839)
Immermann,Karl,Die Epigonen,1836,1836,,Karl_Immermann_-_Die_Epigonen_(1836)
Rellstab,Ludwig,1812 – Ein historischer Roman,1834,1834,,Ludwig_Rellstab_-_1812_–_Ein_historischer_Roman_(1834)
Tieck,Ludwig,"Dichterleben, zweiter Theil",1831,1831,,"Ludwig_Tieck_-_Dichterleben,_zweiter_Theil_(1831)"
von Eichendorff,Joseph,Eine Meerfahrt,1835,1835,,Joseph_von_Eichendorff_-_Eine_Meerfahrt_(1835)
Dingelstedt,Franz,Die neuen Argonauten,1839,1839,,Franz_Dingelstedt_-_Die_neuen_Argonauten_(1839)
Laube,Heinrich,Reisenovellen,1837,1837,Band 5,Heinrich_Laube_-_Reisenovellen_-_Band_5_(1837)
Gotthelf,Jeremias,Leiden und Freuden eines Schulmeisters,1838,1838,,Jeremias_Gotthelf_-_Leiden_und_Freuden_eines_Schulmeisters_(1838)
Brentano,Clemens,Geschichte vom braven Kasperl und dem schönen Annerl,1838,1838,,Clemens_Brentano_-_Geschichte_vom_braven_Kasperl_und_dem_schönen_Annerl_(1838)
Tieck,Ludwig,Der Wassermensch,1835,1835,,Ludwig_Tieck_-_Der_Wassermensch_(1835)
von Gaudy,Franz,Venetianische Novellen,1838,1838,,Franz_von_Gaudy_-_Venetianische_Novellen_(1838)
Heine,Heinrich,Schnabelewopski,1834,1834,,Heinrich_Heine_-_Schnabelewopski_(1834)
von Eichendorff,Joseph,Viel Lärmen um Nichts,1833,1833,,Joseph_von_Eichendorff_-_Viel_Lärmen_um_Nichts_(1833)
Laube,Heinrich,Reisenovellen,1837,1837,Band 6,Heinrich_Laube_-_Reisenovellen_-_Band_6_(1837)
Tieck,Ludwig,Des Lebens Überfluss,1837,1837,,Ludwig_Tieck_-_Des_Lebens_Überfluss_(1837)
Dronke,Ernst,Die Maikönigin,1846,1846,,Ernst_Dronke_-_Die_Maikönigin_(1846)
Stifter,Adalbert,Das Haidedorf,1840,1840,,Adalbert_Stifter_-_Das_Haidedorf_(1840)
Seidl,Johann Gabriel,Cornelia Fieramonti,1842,1842,,Johann_Gabriel_Seidl_-_Cornelia_Fieramonti_(1842)
Riehl,Wilhelm Heinrich,Der Stadtpfeifer,1847,1847,,Wilhelm_Heinrich_Riehl_-_Der_Stadtpfeifer_(1847)
Alexis,Willibald,Der falsche Woldemar,1842,1842,,Willibald_Alexis_-_Der_falsche_Woldemar_(1842)
Seidl,Johann Gabriel,Das goldene Ringlein,1842,1842,,Johann_Gabriel_Seidl_-_Das_goldene_Ringlein_(1842)
Hackländer,FW,Vier Könige,1841,1841,Bilder aus dem Soldatenleben,FW_Hackländer_-_Vier_Könige_-_Bilder_aus_dem_Soldatenleben_(1841)
Paalzow,Henriette,Thomas Thyrnau – Erster Theil,1843,1843,,Henriette_Paalzow_-_Thomas_Thyrnau_–_Erster_Theil_(1843)
Sealsfield,Charles,In der Prärie verirrt,1841,1841,,Charles_Sealsfield_-_In_der_Prärie_verirrt_(1841)
Gotthelf,Jeremias,Eine alte Geschichte zu neuer Erbauung,1849,1849,,Jeremias_Gotthelf_-_Eine_alte_Geschichte_zu_neuer_Erbauung_(1849)
Stifter,Adalbert,Prokopus,1847,1847,,Adalbert_Stifter_-_Prokopus_(1847)
Alexis,Willibald,Der Werwolf 1,1848,1848,,Willibald_Alexis_-_Der_Werwolf_1_(1848)
Gotthelf,Jeremias,Wie Anne Bäbi Jowäger haushaltet,1843,1843,Teil 2,Jeremias_Gotthelf_-_Wie_Anne_Bäbi_Jowäger_haushaltet_-_Teil_2_(1843)
Seidl,Johann Gabriel,Sie ist versorgt!,1842,1842,,Johann_Gabriel_Seidl_-_Sie_ist_versorgt!_(1842)
Kompert,Leopold,Ohne Bewilligung,1848,1848,,Leopold_Kompert_-_Ohne_Bewilligung_(1848)
Stifter,Adalbert,Feldblumen,1841,1841,,Adalbert_Stifter_-_Feldblumen_(1841)
Grillparzer,Franz,Der arme Spielmann,1847,1847,,Franz_Grillparzer_-_Der_arme_Spielmann_(1847)
Kurz,Hermann,Schillers Heimatjahre,1843,1843,,Hermann_Kurz_-_Schillers_Heimatjahre_(1843)
Gerstäcker,Friedrich,Schwarz und Weiß,1848,1848,,Friedrich_Gerstäcker_-_Schwarz_und_Weiß_(1848)
von Gaudy,Franz,Novellen und Erzählungen 1,1840,1840,,Franz_von_Gaudy_-_Novellen_und_Erzählungen_1_(1840)
Gotthelf,Jeremias,Wie Joggeli eine Frau sucht,1841,1841,,Jeremias_Gotthelf_-_Wie_Joggeli_eine_Frau_sucht_(1841)
Riehl,Wilhelm Heinrich,Meister Martin Hildebrand,1847,1847,,Wilhelm_Heinrich_Riehl_-_Meister_Martin_Hildebrand_(1847)
Stifter,Adalbert,Ein Gang durch die Katakomben,1844,1844,,Adalbert_Stifter_-_Ein_Gang_durch_die_Katakomben_(1844)
Stifter,Adalbert,Wirkungen eines weißen Mantels,1848,1848,Der arme Wohltäter - Der Pförtner,Adalbert_Stifter_-_Wirkungen_eines_weißen_Mantels_-_Der_arme_Wohltäter_-_Der_Pförtner_(1848)
Sealsfield,Charles,Das Kajütenbuch oder Nationale Charakteristiken,1843,1843,,Charles_Sealsfield_-_Das_Kajütenbuch_oder_Nationale_Charakteristiken_(1843)
Hoefer,Edmund,Das verlassene Haus,1845,1845,,Edmund_Hoefer_-_Das_verlassene_Haus_(1845)
von Eichendorff,Joseph,Die Glücksritter,1841,1841,,Joseph_von_Eichendorff_-_Die_Glücksritter_(1841)
Stifter,Adalbert,Der beschriebene Tännling,1846,1846,,Adalbert_Stifter_-_Der_beschriebene_Tännling_(1846)
Hebbel,Friedrich,Die Kuh,1849,1849,,Friedrich_Hebbel_-_Die_Kuh_(1849)
Gerstäcker,Friedrich,Die Flußpiraten des Mississippi,1848,1848,,Friedrich_Gerstäcker_-_Die_Flußpiraten_des_Mississippi_(1848)
Hebbel,Friedrich,Matteo,1841,1841,,Friedrich_Hebbel_-_Matteo_(1841)
Gerstäcker,Friedrich,Die Regulatoren in Arkansas,1845,1845,,Friedrich_Gerstäcker_-_Die_Regulatoren_in_Arkansas_(1845)
Reuter,Fritz,Ein gräflicher Geburtstag,1847,1847,1,Fritz_Reuter_-_Ein_gräflicher_Geburtstag_-_1_(1847)
Stifter,Adalbert,Die Mappe meines Urgroßvaters,1841,1841,,Adalbert_Stifter_-_Die_Mappe_meines_Urgroßvaters_(1841)
Auerbach,Berthold,Der Kindesmord,1848,1848,,Berthold_Auerbach_-_Der_Kindesmord_(1848)
Gotthelf,Jeremias,Michels Brautschau,1849,1849,,Jeremias_Gotthelf_-_Michels_Brautschau_(1849)
Alexis,Willibald,Der Roland von Berlin – Erster Band,1840,1840,,Willibald_Alexis_-_Der_Roland_von_Berlin_–_Erster_Band_(1840)
Spindler,Carl,Der Vogelhändler von Imst,1841,1841,,Carl_Spindler_-_Der_Vogelhändler_von_Imst_(1841)
Schücking,Levin,Eine dunkle Tat,1846,1846,,Levin_Schücking_-_Eine_dunkle_Tat_(1846)
Stifter,Adalbert,Der Hagestolz,1845,1845,,Adalbert_Stifter_-_Der_Hagestolz_(1845)
Kompert,Leopold,Judith die Zweite,1848,1848,,Leopold_Kompert_-_Judith_die_Zweite_(1848)
Meinhold,Wilhelm,Die Bernsteinhexe Maria Schweidler,1841,1841,,Wilhelm_Meinhold_-_Die_Bernsteinhexe_Maria_Schweidler_(1841)
Gerstäcker,Friedrich,Die Vertreibung der Mormonen aus Missouri,1845,1845,,Friedrich_Gerstäcker_-_Die_Vertreibung_der_Mormonen_aus_Missouri_(1845)
Alexis,Willibald,Der Roland von Berlin – Zweiter Band,1840,1840,,Willibald_Alexis_-_Der_Roland_von_Berlin_–_Zweiter_Band_(1840)
Alexis,Willibald,Die Hosen des Herrn von Bredow,1846,1846,,Willibald_Alexis_-_Die_Hosen_des_Herrn_von_Bredow_(1846)
Alexis,Willibald,Der Werwolf 2,1848,1848,,Willibald_Alexis_-_Der_Werwolf_2_(1848)
Gotthelf,Jeremias,Der Geltstag,1845,1845,,Jeremias_Gotthelf_-_Der_Geltstag_(1845)
Stifter,Adalbert,Das alte Siegel,1844,1844,,Adalbert_Stifter_-_Das_alte_Siegel_(1844)
Gerstäcker,Friedrich,Der erkaufte Henker,1845,1845,,Friedrich_Gerstäcker_-_Der_erkaufte_Henker_(1845)
von Droste-Hülshoff,Annette,Die Judenbuche,1842,1842,,Annette_von_Droste-Hülshoff_-_Die_Judenbuche_(1842)
Wildermuth,Ottilie,Unabhängigkeit,1855,1855,,Ottilie_Wildermuth_-_Unabhängigkeit_(1855)
Schücking,Levin,Die Rheider Burg,1859,1859,,Levin_Schücking_-_Die_Rheider_Burg_(1859)
Gerstäcker,Friedrich,Sträflinge,1857,1857,,Friedrich_Gerstäcker_-_Sträflinge_(1857)
Kurz,Hermann,Gesammelte kleinere Erzählungen – Vierter Teil,1858,1858,,Hermann_Kurz_-_Gesammelte_kleinere_Erzählungen_–_Vierter_Teil_(1858)
Alexis,Willibald,Isegrimm,1854,1854,,Willibald_Alexis_-_Isegrimm_(1854)
Saphir,Moritz Gottlieb,Album geselliger Thorheiten,1858,1858,,Moritz_Gottlieb_Saphir_-_Album_geselliger_Thorheiten_(1858)
Gotthelf,Jeremias,Das Erdbeeri Mareili,1850,1850,,Jeremias_Gotthelf_-_Das_Erdbeeri_Mareili_(1850)
Hackländer,FW,Eugen Stillfried – Zweiter Band,1852,1852,,FW_Hackländer_-_Eugen_Stillfried_–_Zweiter_Band_(1852)
von Schmid,Christoph,Das Täubchen,1854,1854,,Christoph_von_Schmid_-_Das_Täubchen_(1854)
Gerstäcker,Friedrich,Die Ahnung,1850,1850,,Friedrich_Gerstäcker_-_Die_Ahnung_(1850)
Bronner,Franz Xaver,Ein Mönchsleben aus der empfindsamen Zeit,1850,1850,,Franz_Xaver_Bronner_-_Ein_Mönchsleben_aus_der_empfindsamen_Zeit_(1850)
Wildermuth,Ottilie,"Morgen, Mittag und Abend",1855,1855,,"Ottilie_Wildermuth_-_Morgen,_Mittag_und_Abend_(1855)"
Kürnberger,Ferdinand,Flucht und Fund,1859,1859,,Ferdinand_Kürnberger_-_Flucht_und_Fund_(1859)
Hackländer,FW,Der Augenblick des Glücks,1857,1857,,FW_Hackländer_-_Der_Augenblick_des_Glücks_(1857)
Riehl,Wilhelm Heinrich,Die Werke der Barmherzigkeit,1856,1856,,Wilhelm_Heinrich_Riehl_-_Die_Werke_der_Barmherzigkeit_(1856)
Gutzkow,Karl,Die Nihilisten,1853,1853,,Karl_Gutzkow_-_Die_Nihilisten_(1853)
Wildermuth,Ottilie,Ein sonnenloses Leben,1855,1855,,Ottilie_Wildermuth_-_Ein_sonnenloses_Leben_(1855)
Heyse,Paul,Maria Francisca,1858,1858,,Paul_Heyse_-_Maria_Francisca_(1858)
Heyse,Paul,Anfang und Ende,1857,1857,,Paul_Heyse_-_Anfang_und_Ende_(1857)
Mügge,Theodor,Der Vogt von Sylt,1851,1851,,Theodor_Mügge_-_Der_Vogt_von_Sylt_(1851)
Hackländer,FW,Eugen Stillfried,1852,1852,Erster Band,FW_Hackländer_-_Eugen_Stillfried_-_Erster_Band_(1852)
von Schmid,Christoph,Das Rotkehlchen,1854,1854,,Christoph_von_Schmid_-_Das_Rotkehlchen_(1854)
Riehl,Wilhelm Heinrich,Gräfin Ursula,1856,1856,,Wilhelm_Heinrich_Riehl_-_Gräfin_Ursula_(1856)
Retcliffe,Sir John,Nena Sahib,1858,1858,,Sir_John_Retcliffe_-_Nena_Sahib_(1858)
von Scheffel,Joseph Victor,Ekkehard,1855,1855,,Joseph_Victor_von_Scheffel_-_Ekkehard_(1855)
Storm,Theodor,Hinzelmeier,1855,1855,,Theodor_Storm_-_Hinzelmeier_(1855)
Gerstäcker,Friedrich,Die Flucht über die Kordilleren,1859,1859,,Friedrich_Gerstäcker_-_Die_Flucht_über_die_Kordilleren_(1859)
Hackländer,FW,Namenlose Geschichten,1851,1851,Erster Band,FW_Hackländer_-_Namenlose_Geschichten_-_Erster_Band_(1851)
Riehl,Wilhelm Heinrich,Die Lehrjahre eines Humanisten,1856,1856,,Wilhelm_Heinrich_Riehl_-_Die_Lehrjahre_eines_Humanisten_(1856)
Galen,Philipp,Der Strandvogt von Jasmund,1859,1859,Zweiter Band,Philipp_Galen_-_Der_Strandvogt_von_Jasmund_-_Zweiter_Band_(1859)
Ludwig,Otto,Zwischen Himmel und Erde,1856,1856,,Otto_Ludwig_-_Zwischen_Himmel_und_Erde_(1856)
Gotthelf,Jeremias,Der Besenbinder von Rychiswyl,1852,1852,,Jeremias_Gotthelf_-_Der_Besenbinder_von_Rychiswyl_(1852)
Scherr,Johannes,Michel,1858,1858,,Johannes_Scherr_-_Michel_(1858)
Kurz,Hermann,Der Weihnachtsfund,1856,1856,,Hermann_Kurz_-_Der_Weihnachtsfund_(1856)
Keller,Gottfried,"Spiegel, das Kätzchen",1856,1856,,"Gottfried_Keller_-_Spiegel,_das_Kätzchen_(1856)"
Nathusius,Marie,Elisabeth. I. Band,1858,1858,,Marie_Nathusius_-_Elisabeth._I._Band_(1858)
Stifter,Adalbert,Bunte Steine,1853,1853,,Adalbert_Stifter_-_Bunte_Steine_(1853)
Gerstäcker,Friedrich,John Wells,1859,1859,,Friedrich_Gerstäcker_-_John_Wells_(1859)
Hoefer,Edmund,Die alte Erlaucht,1857,1857,,Edmund_Hoefer_-_Die_alte_Erlaucht_(1857)
Gutzkow,Karl,Der Zauberer von Rom. I. Buch,1858,1858,,Karl_Gutzkow_-_Der_Zauberer_von_Rom._I._Buch_(1858)
Gotthelf,Jeremias,Der Oberamtmann und der Amtsrichter,1853,1853,,Jeremias_Gotthelf_-_Der_Oberamtmann_und_der_Amtsrichter_(1853)
Gerstäcker,Friedrich,Tahiti,1854,1854,,Friedrich_Gerstäcker_-_Tahiti_(1854)
Keller,Gottfried,Die drei gerechten Kammacher,1856,1856,,Gottfried_Keller_-_Die_drei_gerechten_Kammacher_(1856)
zu Neueck,JJA Pffyfer,O ma patrie!,1853,1853,,JJA_Pffyfer_zu_Neueck_-_O_ma_patrie!_(1853)
Gutzkow,Karl,Der Zauberer von Rom. IV. Buch,1858,1858,,Karl_Gutzkow_-_Der_Zauberer_von_Rom._IV._Buch_(1858)
Kopisch,August,Ein Carnevalsfest auf Ischia,1856,1856,,August_Kopisch_-_Ein_Carnevalsfest_auf_Ischia_(1856)
Hartmann,Moritz,Der Krieg um den Wald,1850,1850,1,Moritz_Hartmann_-_Der_Krieg_um_den_Wald_-_1_(1850)
Willkomm,Ernst,Erzählungen eines Wattenschiffers,1854,1854,,Ernst_Willkomm_-_Erzählungen_eines_Wattenschiffers_(1854)
Gerstäcker,Friedrich,Herrn Mahlhuber's Reiseabenteuer,1857,1857,,Friedrich_Gerstäcker_-_Herrn_Mahlhuber's_Reiseabenteuer_(1857)
Gerstäcker,Friedrich,Das alte Haus,1857,1857,,Friedrich_Gerstäcker_-_Das_alte_Haus_(1857)
Schücking,Levin,Die Marketenderin von Köln,1861,1861,,Levin_Schücking_-_Die_Marketenderin_von_Köln_(1861)
Reuter,Fritz,Montecchi un Capuletti oder De Reis' nah Konstantinopel,1868,1868,,Fritz_Reuter_-_Montecchi_un_Capuletti_oder_De_Reis'_nah_Konstantinopel_(1868)
Hebbel,Friedrich,Eine Nacht im Jägerhause,1863,1863,,Friedrich_Hebbel_-_Eine_Nacht_im_Jägerhause_(1863)
Spielhagen,Friedrich,Die Dorfcoquette,1868,1868,,Friedrich_Spielhagen_-_Die_Dorfcoquette_(1868)
Auerbach,Berthold,Auf der Höhe Band I,1865,1865,,Berthold_Auerbach_-_Auf_der_Höhe_Band_I_(1865)
Pocci,Franz,Lustiges Komödienbüchlein,1861,1861,,Franz_Pocci_-_Lustiges_Komödienbüchlein_(1861)
Gerstäcker,Friedrich,Alle jagen John Mulligan,1860,1860,,Friedrich_Gerstäcker_-_Alle_jagen_John_Mulligan_(1860)
Storm,Theodor,In St Jürgen,1867,1867,,Theodor_Storm_-_In_St_Jürgen_(1867)
Reuter,Fritz,Dörchläuchting,1866,1866,,Fritz_Reuter_-_Dörchläuchting_(1866)
Marlitt,Eugenie,Thüringer Erzählungen,1869,1869,,Eugenie_Marlitt_-_Thüringer_Erzählungen_(1869)
Retcliffe,Sir John,Magenta und Solferino,1864,1864,Band 1,Sir_John_Retcliffe_-_Magenta_und_Solferino_-_Band_1_(1864)
Hoefer,Edmund,Das Wyler Schlößchen,1865,1865,,Edmund_Hoefer_-_Das_Wyler_Schlößchen_(1865)
Spielhagen,Friedrich,Hammer und Amboß,1869,1869,,Friedrich_Spielhagen_-_Hammer_und_Amboß_(1869)
Wildermuth,Ottilie,Krieg und Frieden,1862,1862,,Ottilie_Wildermuth_-_Krieg_und_Frieden_(1862)
Freytag,Gustav,Die verlorene Handschrift,1864,1864,,Gustav_Freytag_-_Die_verlorene_Handschrift_(1864)
Schmidt,Maximilian,Glasmacherleut',1869,1869,,Maximilian_Schmidt_-_Glasmacherleut'_(1869)
Stifter,Adalbert,Nachkommenschaften,1864,1864,,Adalbert_Stifter_-_Nachkommenschaften_(1864)
Stifter,Adalbert,Witiko,1865,1865,,Adalbert_Stifter_-_Witiko_(1865)
Raabe,Wilhelm,Keltische Knochen,1864,1864,,Wilhelm_Raabe_-_Keltische_Knochen_(1864)
Retcliffe,Sir John,Magenta und Solferino,1864,1864,Band 3,Sir_John_Retcliffe_-_Magenta_und_Solferino_-_Band_3_(1864)
Busch,Wilhelm,Kurze Geschichten,1864,1864,,Wilhelm_Busch_-_Kurze_Geschichten_(1864)
Auerbach,Berthold,Das Landhaus am Rhein,1869,1869,Band I,Berthold_Auerbach_-_Das_Landhaus_am_Rhein_-_Band_I_(1869)
Raabe,Wilhelm,Gedelöcke,1866,1866,,Wilhelm_Raabe_-_Gedelöcke_(1866)
Kompert,Leopold,Gottes Annehmerin,1865,1865,,Leopold_Kompert_-_Gottes_Annehmerin_(1865)
Raabe,Wilhelm,Das letzte Recht,1862,1862,,Wilhelm_Raabe_-_Das_letzte_Recht_(1862)
Auerbach,Berthold,Auf der Höhe Dritter Band,1865,1865,,Berthold_Auerbach_-_Auf_der_Höhe_Dritter_Band_(1865)
Heyse,Paul,Unheilbar,1862,1862,,Paul_Heyse_-_Unheilbar_(1862)
Mörike,Eduard,Aus dem Gebiete der Seelenkunde,1861,1861,,Eduard_Mörike_-_Aus_dem_Gebiete_der_Seelenkunde_(1861)
Kompert,Leopold,Neue Geschichten aus dem Ghetto,1860,1860,,Leopold_Kompert_-_Neue_Geschichten_aus_dem_Ghetto_(1860)
Raabe,Wilhelm,Abu Telfan,1868,1868,,Wilhelm_Raabe_-_Abu_Telfan_(1868)
von Holtei,Karl,Der letzte Komödiant,1863,1863,Dritter Teil,Karl_von_Holtei_-_Der_letzte_Komödiant_-_Dritter_Teil_(1863)
Auerbach,Berthold,Auf der Höhe Vierter Band,1865,1865,,Berthold_Auerbach_-_Auf_der_Höhe_Vierter_Band_(1865)
Gerstäcker,Friedrich,In der Südsee,1860,1860,,Friedrich_Gerstäcker_-_In_der_Südsee_(1860)
Gerstäcker,Friedrich,Unter dem Äquator,1861,1861,,Friedrich_Gerstäcker_-_Unter_dem_Äquator_(1861)
Wildermuth,Ottilie,Der Peterli von Emmental,1862,1862,,Ottilie_Wildermuth_-_Der_Peterli_von_Emmental_(1862)
Raabe,Wilhelm,Die Gänse von Bützow,1866,1866,,Wilhelm_Raabe_-_Die_Gänse_von_Bützow_(1866)
Storm,Theodor,Auf der Universität,1863,1863,,Theodor_Storm_-_Auf_der_Universität_(1863)
Gerstäcker,Friedrich,General Franco,1865,1865,,Friedrich_Gerstäcker_-_General_Franco_(1865)
Wildermuth,Ottilie,Eine Königin,1862,1862,,Ottilie_Wildermuth_-_Eine_Königin_(1862)
Raabe,Wilhelm,Der Hungerpastor,1864,1864,,Wilhelm_Raabe_-_Der_Hungerpastor_(1864)
Marlitt,Eugenie,Die zwölf Apostel,1865,1865,,Eugenie_Marlitt_-_Die_zwölf_Apostel_(1865)
Wildermuth,Ottilie,Frau Luna,1862,1862,,Ottilie_Wildermuth_-_Frau_Luna_(1862)
Gerstäcker,Friedrich,Im Busch,1864,1864,,Friedrich_Gerstäcker_-_Im_Busch_(1864)
Stern,Adolf,Vor Leyden,1866,1866,,Adolf_Stern_-_Vor_Leyden_(1866)
Auerbach,Berthold,Das Landhaus am Rhein,1869,1869,Band II,Berthold_Auerbach_-_Das_Landhaus_am_Rhein_-_Band_II_(1869)
Stifter,Adalbert,Der Kuss von Sentze,1866,1866,,Adalbert_Stifter_-_Der_Kuss_von_Sentze_(1866)
Halm,Friedrich,Die Freundinnen,1860,1860,,Friedrich_Halm_-_Die_Freundinnen_(1860)
Hartmann,Moritz,Das Schloß im Gebirge,1866,1866,,Moritz_Hartmann_-_Das_Schloß_im_Gebirge_(1866)
Strubberg),Armand (Friedrich,Saat und Ernte,1866,1866,,Armand_(Friedrich_Strubberg)_-_Saat_und_Ernte_(1866)
Hahn-Hahn,Ida,Peregrin,1864,1864,,Ida_Hahn-Hahn_-_Peregrin_(1864)
Scherr,Johannes,Werther-Graubart,1873,1873,,Johannes_Scherr_-_Werther-Graubart_(1873)
Storm,Theodor,Eekenhof,1879,1879,,Theodor_Storm_-_Eekenhof_(1879)
Möllhausen,Balduin,Westliche Fährten,1873,1873,,Balduin_Möllhausen_-_Westliche_Fährten_(1873)
Scherr,Johannes,Die Tochter der Luft,1874,1874,,Johannes_Scherr_-_Die_Tochter_der_Luft_(1874)
Schaumberger,Heinrich,Gesalzene Krapfen,1874,1874,,Heinrich_Schaumberger_-_Gesalzene_Krapfen_(1874)
Rosegger,Peter,Als Großvater freien ging,1874,1874,,Peter_Rosegger_-_Als_Großvater_freien_ging_(1874)
Freytag,Gustav,Die Ahnen,1872,1872,,Gustav_Freytag_-_Die_Ahnen_(1872)
Raabe,Wilhelm,Höxter und Corvey,1875,1875,,Wilhelm_Raabe_-_Höxter_und_Corvey_(1875)
Rosegger,Peter,Die schöne Lenerl,1874,1874,,Peter_Rosegger_-_Die_schöne_Lenerl_(1874)
Steub,Ludwig,Die falsche Mutter Gottes,1871,1871,,Ludwig_Steub_-_Die_falsche_Mutter_Gottes_(1871)
Spyri,Johanna,Wie Wiselis Weg gefunden wird,1878,1878,,Johanna_Spyri_-_Wie_Wiselis_Weg_gefunden_wird_(1878)
Raabe,Wilhelm,Wunnigel,1877,1877,,Wilhelm_Raabe_-_Wunnigel_(1877)
von Saar,Ferdinand,Marianne,1873,1873,,Ferdinand_von_Saar_-_Marianne_(1873)
Storm,Theodor,Carsten Curator,1878,1878,,Theodor_Storm_-_Carsten_Curator_(1878)
von Hillern,Wilhemine,Die Geier-Wally,1875,1875,,Wilhemine_von_Hillern_-_Die_Geier-Wally_(1875)
Steub,Ludwig,Benno und Kriemhilde,1879,1879,,Ludwig_Steub_-_Benno_und_Kriemhilde_(1879)
Raabe,Wilhelm,Meister Autor oder Die Geschichten vom versunkenen Garten,1874,1874,,Wilhelm_Raabe_-_Meister_Autor_oder_Die_Geschichten_vom_versunkenen_Garten_(1874)
Keller,Gottfried,Dietegen,1874,1874,,Gottfried_Keller_-_Dietegen_(1874)
von Saar,Ferdinand,Die Geigerin,1875,1875,,Ferdinand_von_Saar_-_Die_Geigerin_(1875)
Raabe,Wilhelm,Der Schüdderump,1870,1870,,Wilhelm_Raabe_-_Der_Schüdderump_(1870)
Hackländer,FW,Feuerwerker Wortmann und andere Soldatengeschichten,1877,1877,,FW_Hackländer_-_Feuerwerker_Wortmann_und_andere_Soldatengeschichten_(1877)
Rosegger,Peter,Der Pfarrersbub,1874,1874,,Peter_Rosegger_-_Der_Pfarrersbub_(1874)
Wörishöffer,Sophie,Robert des Schiffsjungen Fahrten und Abenteuer,1877,1877,,Sophie_Wörishöffer_-_Robert_des_Schiffsjungen_Fahrten_und_Abenteuer_(1877)
Vischer,Friedrich Theodor,Auch Einer,1879,1879,,Friedrich_Theodor_Vischer_-_Auch_Einer_(1879)
May,Karl,Ein Stücklein vom alten Dessauer,1875,1875,,Karl_May_-_Ein_Stücklein_vom_alten_Dessauer_(1875)
Keller,Gottfried,Kleider machen Leute,1874,1874,,Gottfried_Keller_-_Kleider_machen_Leute_(1874)
von Winterfeld,Adolf,Die vier Töchter des Rittmeister Schimmelmann,1873,1873,,Adolf_von_Winterfeld_-_Die_vier_Töchter_des_Rittmeister_Schimmelmann_(1873)
Kürnberger,Ferdinand,Wie ein prosaischer Mann ein poetisches Bräutchen gewinnt,1877,1877,,Ferdinand_Kürnberger_-_Wie_ein_prosaischer_Mann_ein_poetisches_Bräutchen_gewinnt_(1877)
Fontane,Theodor,Vor dem Sturm,1878,1878,,Theodor_Fontane_-_Vor_dem_Sturm_(1878)
Temme,Jodocus Donatus Hubertus,In einer Brautnacht,1873,1873,,Jodocus_Donatus_Hubertus_Temme_-_In_einer_Brautnacht_(1873)
Marlitt,Eugenie,Das Heideprinzeßchen,1872,1872,,Eugenie_Marlitt_-_Das_Heideprinzeßchen_(1872)
Lindau,Rudolf,Liquidiert,1877,1877,,Rudolf_Lindau_-_Liquidiert_(1877)
von François,Louise,Die letzte Reckenburgerin,1871,1871,,Louise_von_François_-_Die_letzte_Reckenburgerin_(1871)
Werner,E,Glück auf!,1874,1874,,E_Werner_-_Glück_auf!_(1874)
Raabe,Wilhelm,Eulenpfingsten,1874,1874,,Wilhelm_Raabe_-_Eulenpfingsten_(1874)
Raabe,Wilhelm,Zum wilden Mann,1873,1873,,Wilhelm_Raabe_-_Zum_wilden_Mann_(1873)
Hackländer,FW,Der letzte Bombardier,1870,1870,,FW_Hackländer_-_Der_letzte_Bombardier_(1870)
Storm,Theodor,Beim Vetter Christian,1874,1874,,Theodor_Storm_-_Beim_Vetter_Christian_(1874)
Hamerling,Robert,Aspasia,1875,1875,,Robert_Hamerling_-_Aspasia_(1875)
Auerbach,Berthold,Landolin von Reutershöfen,1878,1878,,Berthold_Auerbach_-_Landolin_von_Reutershöfen_(1878)
von Sacher-Masoch,Leopold,Der Capitulant,1875,1875,,Leopold_von_Sacher-Masoch_-_Der_Capitulant_(1875)
Storm,Theodor,Waldwinkel,1874,1874,,Theodor_Storm_-_Waldwinkel_(1874)
Rosegger,Peter,Die Wallfahrer,1874,1874,,Peter_Rosegger_-_Die_Wallfahrer_(1874)
Wildermuth,Ottilie,Die alte Freundin,1877,1877,,Ottilie_Wildermuth_-_Die_alte_Freundin_(1877)
May,Karl,Scepter und Hammer,1879,1879,,Karl_May_-_Scepter_und_Hammer_(1879)
Marlitt,Eugenie,Die zweite Frau,1874,1874,,Eugenie_Marlitt_-_Die_zweite_Frau_(1874)
Möllhausen,Balduin,Der Schatz von Quivira,1879,1879,,Balduin_Möllhausen_-_Der_Schatz_von_Quivira_(1879)
Wildermuth,Ottilie,Todte Treue,1877,1877,,Ottilie_Wildermuth_-_Todte_Treue_(1877)
Raabe,Wilhelm,Deutscher Adel,1878,1878,,Wilhelm_Raabe_-_Deutscher_Adel_(1878)
Meding,Oskar,Der Todesgruß der Legionen,1874,1874,,Oskar_Meding_-_Der_Todesgruß_der_Legionen_(1874)
Becker,August,Die Nonnensusel,1886,1886,,August_Becker_-_Die_Nonnensusel_(1886)
Keller,Gottfried,Das Sinngedicht,1881,1881,,Gottfried_Keller_-_Das_Sinngedicht_(1881)
Schmitthenner,Adolf,Der Handwerksbursche,1883,1883,,Adolf_Schmitthenner_-_Der_Handwerksbursche_(1883)
Schücking,Levin,Hart am Rande,1887,1887,,Levin_Schücking_-_Hart_am_Rande_(1887)
Fontane,Theodor,Schach von Wuthenow,1883,1883,,Theodor_Fontane_-_Schach_von_Wuthenow_(1883)
Steinhausen,Heinrich,Irmela,1881,1881,,Heinrich_Steinhausen_-_Irmela_(1881)
Meyer,Conrad Ferdinand,Das Leiden eines Knaben,1883,1883,,Conrad_Ferdinand_Meyer_-_Das_Leiden_eines_Knaben_(1883)
May,Karl,Der Weg zum Glück. Sechster Band,1886,1886,,Karl_May_-_Der_Weg_zum_Glück._Sechster_Band_(1886)
Fontane,Theodor,Irrungen Wirrungen,1888,1888,,Theodor_Fontane_-_Irrungen_Wirrungen_(1888)
Spyri,Johanna,"Heidi kann brauchen, was es gelernt hat",1881,1881,,"Johanna_Spyri_-_Heidi_kann_brauchen,_was_es_gelernt_hat_(1881)"
von Ebner-Eschenbach,Marie,Die schönsten Erzählungen,1889,1889,,Marie_von_Ebner-Eschenbach_-_Die_schönsten_Erzählungen_(1889)
Wörishöffer,Sophie,Onnen Visser,1885,1885,Der Schmugglersohn von Norderney,Sophie_Wörishöffer_-_Onnen_Visser_-_Der_Schmugglersohn_von_Norderney_(1885)
Voß,Richard,Die Sabinerin,1889,1889,,Richard_Voß_-_Die_Sabinerin_(1889)
Spyri,Johanna,Artur und Squirrel,1888,1888,,Johanna_Spyri_-_Artur_und_Squirrel_(1888)
Fontane,Theodor,Unterm Birnbaum,1885,1885,,Theodor_Fontane_-_Unterm_Birnbaum_(1885)
Böhlau,Helene,Der schöne Valentin,1886,1886,,Helene_Böhlau_-_Der_schöne_Valentin_(1886)
Wolff,Julius,Der Sülfmeister,1883,1883,,Julius_Wolff_-_Der_Sülfmeister_(1883)
Braun,Isabella,Gesammelte Erzählungen,1886,1886,,Isabella_Braun_-_Gesammelte_Erzählungen_(1886)
May,Karl,Die Juweleninsel,1880,1880,,Karl_May_-_Die_Juweleninsel_(1880)
Jensen,Wilhelm,Dietwald Werneken,1888,1888,,Wilhelm_Jensen_-_Dietwald_Werneken_(1888)
Meding,Oskar,Die Saxoborussen,1885,1885,,Oskar_Meding_-_Die_Saxoborussen_(1885)
von Ebner-Eschenbach,Marie,Der gute Mond,1886,1886,,Marie_von_Ebner-Eschenbach_-_Der_gute_Mond_(1886)
Raabe,Wilhelm,Pfisters Mühle,1884,1884,,Wilhelm_Raabe_-_Pfisters_Mühle_(1884)
Wichert,Ernst,Der Schaktarp,1881,1881,,Ernst_Wichert_-_Der_Schaktarp_(1881)
Voß,Richard,Felice Leste,1889,1889,,Richard_Voß_-_Felice_Leste_(1889)
von Glümer,Claire,Gesühnt,1882,1882,,Claire_von_Glümer_-_Gesühnt_(1882)
von Suttner,Bertha,Die Waffen nieder!,1889,1889,,Bertha_von_Suttner_-_Die_Waffen_nieder!_(1889)
Conrad,Michael Georg,Die bayrische Königstragödie im Bürgerhause,1886,1886,,Michael_Georg_Conrad_-_Die_bayrische_Königstragödie_im_Bürgerhause_(1886)
Wörishöffer,Sophie,Gerettet aus Sibirien,1885,1885,,Sophie_Wörishöffer_-_Gerettet_aus_Sibirien_(1885)
Jensen,Wilhelm,Die Pfeifer vom Dusenbach,1886,1886,,Wilhelm_Jensen_-_Die_Pfeifer_vom_Dusenbach_(1886)
von Ebner-Eschenbach,Marie,Er lasst die Hand küssen,1886,1886,,Marie_von_Ebner-Eschenbach_-_Er_lasst_die_Hand_küssen_(1886)
Wolff,Julius,Der Raubgraf,1884,1884,,Julius_Wolff_-_Der_Raubgraf_(1884)
Storm,Theodor,Der Schimmelreiter,1888,1888,,Theodor_Storm_-_Der_Schimmelreiter_(1888)
Spitteler,Carl,Ei Ole,1887,1887,,Carl_Spitteler_-_Ei_Ole_(1887)
Franzos,Karl Emil,Moschko von Parma,1880,1880,,Karl_Emil_Franzos_-_Moschko_von_Parma_(1880)
Keller,Gottfried,Martin Salander,1886,1886,,Gottfried_Keller_-_Martin_Salander_(1886)
Raabe,Wilhelm,Das Odfeld,1889,1889,,Wilhelm_Raabe_-_Das_Odfeld_(1889)
Wichert,Ernst,Ewe,1880,1880,,Ernst_Wichert_-_Ewe_(1880)
Schmidt,Maximilian,Die Schwanjungfrau,1885,1885,,Maximilian_Schmidt_-_Die_Schwanjungfrau_(1885)
Ganghofer,Ludwig,Die Rittersleut,1880,1880,,Ludwig_Ganghofer_-_Die_Rittersleut_(1880)
Ebers,Georg,Die Schwestern,1880,1880,,Georg_Ebers_-_Die_Schwestern_(1880)
May,Karl,Lopez Jordan,1889,1889,,Karl_May_-_Lopez_Jordan_(1889)
Heyse,Paul,Spielmannslegende,1883,1883,,Paul_Heyse_-_Spielmannslegende_(1883)
Schmidt,Maximilian,'s Almstummerl,1888,1888,,Maximilian_Schmidt_-_'s_Almstummerl_(1888)
May,Karl,Der Weg zum Glück. Zweiter Band,1886,1886,,Karl_May_-_Der_Weg_zum_Glück._Zweiter_Band_(1886)
Augusti,Brigitte,Mädchenlose,1882,1882,,Brigitte_Augusti_-_Mädchenlose_(1882)
der Decken,Auguste von,Brausejahre,1885,1885,,Auguste_von_der_Decken_-_Brausejahre_(1885)
Ganghofer,Ludwig,Die Mühle am Fundensee,1880,1880,,Ludwig_Ganghofer_-_Die_Mühle_am_Fundensee_(1880)
Meyer,Conrad Ferdinand,Plautus im Nonnenkloster,1882,1882,,Conrad_Ferdinand_Meyer_-_Plautus_im_Nonnenkloster_(1882)
Ganghofer,Ludwig,Die Brautfahrt des Damian Zagg,1880,1880,,Ludwig_Ganghofer_-_Die_Brautfahrt_des_Damian_Zagg_(1880)
Schubin,Ossip,Toter Frühling,1893,1893,,Ossip_Schubin_-_Toter_Frühling_(1893)
Eyth,Max,Hinter Pflug und Schraubstock,1899,1899,,Max_Eyth_-_Hinter_Pflug_und_Schraubstock_(1899)
Panizza,Oskar,Das Wirtshaus zur Dreifaltigkeit,1893,1893,,Oskar_Panizza_-_Das_Wirtshaus_zur_Dreifaltigkeit_(1893)
Schnitzler,Arthur,Der Witwer,1894,1894,,Arthur_Schnitzler_-_Der_Witwer_(1894)
Mauthner,Fritz,Böhmische Novellen,1897,1897,,Fritz_Mauthner_-_Böhmische_Novellen_(1897)
Meier,Emerenz,Der Brechelbrei,1897,1897,,Emerenz_Meier_-_Der_Brechelbrei_(1897)
Seidel,Heinrich,Leberecht Hühnchen als Großvater,1890,1890,,Heinrich_Seidel_-_Leberecht_Hühnchen_als_Großvater_(1890)
von Saar,Ferdinand,Tambi,1897,1897,,Ferdinand_von_Saar_-_Tambi_(1897)
Panizza,Oskar,Indianer-Gedanken,1893,1893,,Oskar_Panizza_-_Indianer-Gedanken_(1893)
Panizza,Oskar,Der Korsetten-Fritz,1893,1893,,Oskar_Panizza_-_Der_Korsetten-Fritz_(1893)
Schmidt,Maximilian,Humor (erste Reihe),1899,1899,,Maximilian_Schmidt_-_Humor_(erste_Reihe)_(1899)
Seidel,Heinrich,Das alte Haus,1899,1899,,Heinrich_Seidel_-_Das_alte_Haus_(1899)
von Wolzogen,Ernst,"Die Erbschleicherinnen, Band 1",1895,1895,,"Ernst_von_Wolzogen_-_Die_Erbschleicherinnen,_Band_1_(1895)"
Spielhagen,Friedrich,Susi,1895,1895,,Friedrich_Spielhagen_-_Susi_(1895)
von Hofmannsthal,Hugo,Gerechtigkeit,1893,1893,,Hugo_von_Hofmannsthal_-_Gerechtigkeit_(1893)
von Wolzogen,Ernst,Der Thronfolger,1892,1892,Erster Band,Ernst_von_Wolzogen_-_Der_Thronfolger_-_Erster_Band_(1892)
Rosegger,Peter,Die Abelsberger Chronik,1898,1898,,Peter_Rosegger_-_Die_Abelsberger_Chronik_(1898)
Eckstein,Ernst,Preisgekrönt,1899,1899,,Ernst_Eckstein_-_Preisgekrönt_(1899)
Voß,Richard,Villa Falconieri,1896,1896,,Richard_Voß_-_Villa_Falconieri_(1896)
von Eschstruth,Nataly,Jung gefreit,1897,1897,1,Nataly_von_Eschstruth_-_Jung_gefreit_-_1_(1897)
Hollaender,Felix,Sturmwind im Westen,1896,1896,,Felix_Hollaender_-_Sturmwind_im_Westen_(1896)
Kraft,Robert,Die Vestalinnen,1895,1895,Band 5,Robert_Kraft_-_Die_Vestalinnen_-_Band_5_(1895)
Fischer,Wilhelm,Das Licht im Elendhause,1898,1898,,Wilhelm_Fischer_-_Das_Licht_im_Elendhause_(1898)
Lindau,Rudolf,Schweigen,1895,1895,,Rudolf_Lindau_-_Schweigen_(1895)
Dahn,Felix,Vom Chiemgau,1896,1896,,Felix_Dahn_-_Vom_Chiemgau_(1896)
Fischer,Wilhelm,Wastel,1898,1898,,Wilhelm_Fischer_-_Wastel_(1898)
Pastor,Willy,Der Tod des Judas,1895,1895,,Willy_Pastor_-_Der_Tod_des_Judas_(1895)
Pajeken,Friedrich J,Bob der Fallensteller,1890,1890,,Friedrich_J_Pajeken_-_Bob_der_Fallensteller_(1890)
May,Karl,Der Schatz im Silbersee,1890,1890,,Karl_May_-_Der_Schatz_im_Silbersee_(1890)
Panizza,Oskar,Die Menschenfabrik,1890,1890,,Oskar_Panizza_-_Die_Menschenfabrik_(1890)
Ganghofer,Ludwig,Schloß Hubertus,1895,1895,,Ludwig_Ganghofer_-_Schloß_Hubertus_(1895)
Panizza,Oskar,Der operierte Jud',1893,1893,,Oskar_Panizza_-_Der_operierte_Jud'_(1893)
Bierbaum,Otto Julius,Die Schlangendame,1896,1896,,Otto_Julius_Bierbaum_-_Die_Schlangendame_(1896)
Conrad,Michael Georg,Anna-Mia,1895,1895,,Michael_Georg_Conrad_-_Anna-Mia_(1895)
Hansjakob,Heinrich,Afra,1897,1897,,Heinrich_Hansjakob_-_Afra_(1897)
Spitteler,Carl,"Friedli, der Kolderi",1891,1891,,"Carl_Spitteler_-_Friedli,_der_Kolderi_(1891)"
Spyri,Johanna,Schloss Wildenstein,1892,1892,,Johanna_Spyri_-_Schloss_Wildenstein_(1892)
Schnitzler,Arthur,Amerika,1895,1895,,Arthur_Schnitzler_-_Amerika_(1895)
Schnitzler,Arthur,Der Andere,1895,1895,,Arthur_Schnitzler_-_Der_Andere_(1895)
Bierbaum,Otto Julius,Die falsche Kindbetterin,1893,1893,,Otto_Julius_Bierbaum_-_Die_falsche_Kindbetterin_(1893)
von Eschstruth,Nataly,Jung gefreit,1897,1897,2,Nataly_von_Eschstruth_-_Jung_gefreit_-_2_(1897)
Panizza,Oskar,Der Goldregen,1893,1893,,Oskar_Panizza_-_Der_Goldregen_(1893)
Riehl,Wilhelm Heinrich,Durch tausend Jahre – Zweiter Band,1897,1897,,Wilhelm_Heinrich_Riehl_-_Durch_tausend_Jahre_–_Zweiter_Band_(1897)
von Hofmannsthal,Hugo,Das Dorf im Gebirge,1896,1896,,Hugo_von_Hofmannsthal_-_Das_Dorf_im_Gebirge_(1896)
von Perfall,Karl,Das Königsliebchen,1895,1895,,Karl_von_Perfall_-_Das_Königsliebchen_(1895)
von Eschstruth,Nataly,Der Stern des Glücks,1896,1896,,Nataly_von_Eschstruth_-_Der_Stern_des_Glücks_(1896)
von Suttner,Bertha,Eva Siebeck,1892,1892,,Bertha_von_Suttner_-_Eva_Siebeck_(1892)
Heer,Jakob Christoph,An heiligen Wassern,1898,1898,,Jakob_Christoph_Heer_-_An_heiligen_Wassern_(1898)
Stinde,Julius,Die Seerose,1895,1895,,Julius_Stinde_-_Die_Seerose_(1895)
Stehr,Hermann,Der Schindelmacher,1899,1899,,Hermann_Stehr_-_Der_Schindelmacher_(1899)
