decade,year_int,title,filename,count,noun_count,rel_freq,share_of_adj_count_in_decade,adjective
1820,1827,Der Gelehrte,Ludwig_Tieck_-_Der_Gelehrte_(1827),4,7,57.14285714285714,0.3333333333333333,frisch
1820,1823,Rosa von Tannenburg,Christoph_von_Schmid_-_Rosa_von_Tannenburg_(1823),2,5,40.0,0.16666666666666666,frisch
1820,1821,Des Seefahrers Nettelbeck Lebensgeschichte,Joachim_Nettelbeck_-_Des_Seefahrers_Nettelbeck_Lebensgeschichte_(1821),2,8,25.0,0.16666666666666666,frisch
1820,1821,Samuel Brinks letzte Liebesgeschichte,Joseph_Schreyvogel_-_Samuel_Brinks_letzte_Liebesgeschichte_(1821),1,5,20.0,0.08333333333333333,frisch
1820,1825,Addrich im Moos,Heinrich_Zschokke_-_Addrich_im_Moos_(1825),2,15,13.333333333333334,0.16666666666666666,frisch
1850,1858,Elisabeth – Zweiter Band,Marie_Nathusius_-_Elisabeth_–_Zweiter_Band_(1858),3,12,25.0,0.058823529411764705,frisch
1850,1851,Namenlose Geschichten,FW_Hackländer_-_Namenlose_Geschichten_-_Zweiter_Band_(1851),2,9,22.22222222222222,0.0392156862745098,frisch
1850,1850,Handel und Wandel,FW_Hackländer_-_Handel_und_Wandel_(1850),3,15,20.0,0.058823529411764705,frisch
1850,1859,Der Strandvogt von Jasmund,Philipp_Galen_-_Der_Strandvogt_von_Jasmund_-_Dritter_Band_(1859),4,23,17.391304347826086,0.0784313725490196,frisch
1850,1857,Der Augenblick des Glücks,FW_Hackländer_-_Der_Augenblick_des_Glücks_(1857),2,12,16.666666666666664,0.0392156862745098,frisch
1820,1821,Des Seefahrers Nettelbeck Lebensgeschichte,Joachim_Nettelbeck_-_Des_Seefahrers_Nettelbeck_Lebensgeschichte_(1821),2,8,25.0,0.15384615384615385,frei
1820,1824,Die Gräfin Cherubim,H._Clauren_-_Die_Gräfin_Cherubim_(1824),1,5,20.0,0.07692307692307693,frei
1820,1823,Rosa von Tannenburg,Christoph_von_Schmid_-_Rosa_von_Tannenburg_(1823),1,5,20.0,0.07692307692307693,frei
1820,1827,Phantasien und Skizzen,Wilhelm_Hauff_-_Phantasien_und_Skizzen_(1827),1,6,16.666666666666664,0.07692307692307693,frei
1820,1821,Wilhelm Meisters Wanderjahre,Johann_Wolfgang_von_Goethe_-_Wilhelm_Meisters_Wanderjahre_(1821),2,13,15.384615384615385,0.15384615384615385,frei
1860,1865,Die schwarze Galeere,Wilhelm_Raabe_-_Die_schwarze_Galeere_(1865),2,7,28.57142857142857,0.09523809523809523,frei
1860,1863,Der schwarze Gast,Ludwig_Steub_-_Der_schwarze_Gast_(1863),1,5,20.0,0.047619047619047616,frei
1860,1865,Witiko,Adalbert_Stifter_-_Witiko_(1865),3,20,15.0,0.14285714285714285,frei
1860,1865,Auf der Höhe Band I,Berthold_Auerbach_-_Auf_der_Höhe_Band_I_(1865),2,15,13.333333333333334,0.09523809523809523,frei
1860,1869,Das Landhaus am Rhein,Berthold_Auerbach_-_Das_Landhaus_am_Rhein_-_Band_I_(1869),1,8,12.5,0.047619047619047616,frei
1840,1840,Das Haidedorf,Adalbert_Stifter_-_Das_Haidedorf_(1840),1,5,20.0,0.125,rein
1840,1840,Novellen und Erzählungen 1,Franz_von_Gaudy_-_Novellen_und_Erzählungen_1_(1840),1,9,11.11111111111111,0.125,rein
1840,1846,Jakobs des Handwerksgesellen Wanderungen durch die Schweiz,Jeremias_Gotthelf_-_Jakobs_des_Handwerksgesellen_Wanderungen_durch_die_Schweiz_(1846),3,36,8.333333333333332,0.375,rein
1840,1841,Feldblumen,Adalbert_Stifter_-_Feldblumen_(1841),1,16,6.25,0.125,rein
1840,1840,Der Roland von Berlin – Zweiter Band,Willibald_Alexis_-_Der_Roland_von_Berlin_–_Zweiter_Band_(1840),1,23,4.3478260869565215,0.125,rein
1860,1869,Das Landhaus am Rhein,Berthold_Auerbach_-_Das_Landhaus_am_Rhein_-_Band_I_(1869),1,8,12.5,0.2,rein
1860,1865,Dienen und Verdienen,Theodor_Meyer-Merian_-_Dienen_und_Verdienen_(1865),1,10,10.0,0.2,rein
1860,1861,Im Grafenschloß,Paul_Heyse_-_Im_Grafenschloß_(1861),1,10,10.0,0.2,rein
1860,1867,Das Geheimnis der alten Mamsell,Eugenie_Marlitt_-_Das_Geheimnis_der_alten_Mamsell_(1867),1,18,5.555555555555555,0.2,rein
1860,1861,Unter dem Äquator,Friedrich_Gerstäcker_-_Unter_dem_Äquator_(1861),1,32,3.125,0.2,rein
1840,1840,Das Haidedorf,Adalbert_Stifter_-_Das_Haidedorf_(1840),1,5,20.0,0.14285714285714285,blau
1840,1847,Prokopus,Adalbert_Stifter_-_Prokopus_(1847),1,6,16.666666666666664,0.14285714285714285,blau
1840,1848,Lydia,Louise_Aston_-_Lydia_(1848),1,10,10.0,0.14285714285714285,blau
1840,1841,Der Vogelhändler von Imst,Carl_Spindler_-_Der_Vogelhändler_von_Imst_(1841),1,41,2.4390243902439024,0.14285714285714285,blau
1840,1843,Schwarzwälder Dorfgeschichten,Berthold_Auerbach_-_Schwarzwälder_Dorfgeschichten_(1843),3,154,1.948051948051948,0.42857142857142855,blau
1860,1861,Nach dem großen Kriege,Wilhelm_Raabe_-_Nach_dem_großen_Kriege_(1861),2,11,18.181818181818183,0.2222222222222222,blau
1860,1865,Auf der Höhe Band I,Berthold_Auerbach_-_Auf_der_Höhe_Band_I_(1865),1,15,6.666666666666667,0.1111111111111111,blau
1860,1861,Unter dem Äquator,Friedrich_Gerstäcker_-_Unter_dem_Äquator_(1861),2,32,6.25,0.2222222222222222,blau
1860,1867,Das Geheimnis der alten Mamsell,Eugenie_Marlitt_-_Das_Geheimnis_der_alten_Mamsell_(1867),1,18,5.555555555555555,0.1111111111111111,blau
1860,1865,Witiko,Adalbert_Stifter_-_Witiko_(1865),1,20,5.0,0.1111111111111111,blau
1860,1868,Die Dorfcoquette,Friedrich_Spielhagen_-_Die_Dorfcoquette_(1868),1,5,20.0,0.2,leer
1860,1869,Das Landhaus am Rhein,Berthold_Auerbach_-_Das_Landhaus_am_Rhein_-_Band_III_(1869),1,8,12.5,0.2,leer
1860,1869,Das Landhaus am Rhein,Berthold_Auerbach_-_Das_Landhaus_am_Rhein_-_Band_IV_(1869),1,13,7.6923076923076925,0.2,leer
1860,1865,Auf der Höhe Band I,Berthold_Auerbach_-_Auf_der_Höhe_Band_I_(1865),1,15,6.666666666666667,0.2,leer
1860,1866,In Reih' und Glied. Erster Theil,Friedrich_Spielhagen_-_In_Reih'_und_Glied._Erster_Theil_(1866),1,32,3.125,0.2,leer
1870,1877,Aquis submersus,Theodor_Storm_-_Aquis_submersus_(1877),2,9,22.22222222222222,0.14285714285714285,leer
1870,1874,Fritz Reinhardt,Heinrich_Schaumberger_-_Fritz_Reinhardt_(1874),4,35,11.428571428571429,0.2857142857142857,leer
1870,1871,Die letzte Reckenburgerin,Louise_von_François_-_Die_letzte_Reckenburgerin_(1871),1,10,10.0,0.07142857142857142,leer
1870,1879,Nach Sonnenuntergang – Zweites Buch,Wilhelm_Jensen_-_Nach_Sonnenuntergang_–_Zweites_Buch_(1879),1,14,7.142857142857142,0.07142857142857142,leer
1870,1876,Ein Kampf um Rom,Felix_Dahn_-_Ein_Kampf_um_Rom_(1876),2,52,3.8461538461538463,0.14285714285714285,leer
1850,1857,Die alte Erlaucht,Edmund_Hoefer_-_Die_alte_Erlaucht_(1857),1,8,12.5,0.2,klar
1850,1858,Elisabeth – Zweiter Band,Marie_Nathusius_-_Elisabeth_–_Zweiter_Band_(1858),1,12,8.333333333333332,0.2,klar
1850,1859,Der Strandvogt von Jasmund,Philipp_Galen_-_Der_Strandvogt_von_Jasmund_-_Erster_Band_(1859),1,13,7.6923076923076925,0.2,klar
1850,1850,Handel und Wandel,FW_Hackländer_-_Handel_und_Wandel_(1850),1,15,6.666666666666667,0.2,klar
1850,1856,Erich Randal,Theodor_Mügge_-_Erich_Randal_(1856),1,39,2.564102564102564,0.2,klar
1860,1869,Glasmacherleut',Maximilian_Schmidt_-_Glasmacherleut'_(1869),1,6,16.666666666666664,0.07692307692307693,klar
1860,1865,Die kleine Mama,Paul_Heyse_-_Die_kleine_Mama_(1865),1,8,12.5,0.07692307692307693,klar
1860,1865,Witiko,Adalbert_Stifter_-_Witiko_(1865),2,20,10.0,0.15384615384615385,klar
1860,1861,Im Grafenschloß,Paul_Heyse_-_Im_Grafenschloß_(1861),1,10,10.0,0.07692307692307693,klar
1860,1864,Im Busch,Friedrich_Gerstäcker_-_Im_Busch_(1864),1,14,7.142857142857142,0.07692307692307693,klar
1840,1847,Humoristische Erzählungen,FW_Hackländer_-_Humoristische_Erzählungen_(1847),1,16,6.25,0.25,kalt
1840,1840,Der Roland von Berlin – Zweiter Band,Willibald_Alexis_-_Der_Roland_von_Berlin_–_Zweiter_Band_(1840),1,23,4.3478260869565215,0.25,kalt
1840,1841,Der Hochwald,Adalbert_Stifter_-_Der_Hochwald_(1841),1,26,3.8461538461538463,0.25,kalt
1840,1846,Jakobs des Handwerksgesellen Wanderungen durch die Schweiz,Jeremias_Gotthelf_-_Jakobs_des_Handwerksgesellen_Wanderungen_durch_die_Schweiz_(1846),1,36,2.7777777777777777,0.25,kalt
1840,1845,Tod des Dichters,Ludwig_Tieck_-_Tod_des_Dichters_(1845),0,13,0.0,0.0,kalt
1890,1897,Satans Kinder,Stanislaw_Przybyszewski_-_Satans_Kinder_(1897),1,6,16.666666666666664,0.3333333333333333,kalt
1890,1891,Peter Mayr der Wirt an der Mahr,Peter_Rosegger_-_Peter_Mayr_der_Wirt_an_der_Mahr_(1891),1,23,4.3478260869565215,0.3333333333333333,kalt
1890,1895,Fragmente aus früherer Zeit,Ernst_Barlach_-_Fragmente_aus_früherer_Zeit_(1895),1,33,3.0303030303030303,0.3333333333333333,kalt
1890,1890,Der Schatz der Inkas,Karl_May_-_Der_Schatz_der_Inkas_(1890),0,20,0.0,0.0,kalt
1890,1892,Künstlerblut,Hedwig_Schobert_-_Künstlerblut_(1892),0,26,0.0,0.0,kalt
1820,1820,Die Majoratsherren,Achim_von_Arnim_-_Die_Majoratsherren_(1820),1,5,20.0,0.5,warm
1820,1826,Aus dem Leben eines Taugenichts,Joseph_von_Eichendorff_-_Aus_dem_Leben_eines_Taugenichts_(1826),1,27,3.7037037037037033,0.5,warm
1820,1821,Samuel Brinks letzte Liebesgeschichte,Joseph_Schreyvogel_-_Samuel_Brinks_letzte_Liebesgeschichte_(1821),0,5,0.0,0.0,warm
1820,1821,Wilhelm Meisters Wanderjahre,Johann_Wolfgang_von_Goethe_-_Wilhelm_Meisters_Wanderjahre_(1821),0,13,0.0,0.0,warm
1820,1820,Der Komet,Jean_Paul_-_Der_Komet_(1820),0,28,0.0,0.0,warm
1870,1877,Die alte Freundin,Ottilie_Wildermuth_-_Die_alte_Freundin_(1877),1,9,11.11111111111111,0.2,warm
1870,1874,Glück auf!,E_Werner_-_Glück_auf!_(1874),1,13,7.6923076923076925,0.2,warm
1870,1877,Sturmflut,Friedrich_Spielhagen_-_Sturmflut_(1877),1,17,5.88235294117647,0.2,warm
1870,1878,Vor dem Sturm,Theodor_Fontane_-_Vor_dem_Sturm_(1878),1,34,2.941176470588235,0.2,warm
1870,1876,Ein Kampf um Rom,Felix_Dahn_-_Ein_Kampf_um_Rom_(1876),1,52,1.9230769230769231,0.2,warm
